{
    "kv_retrieval": 1078.4223010540009,
    "longdialogue_qa_eng": 583.270391702652,
    "math_find": 593.8329093456268,
    "code_debug": 632.090117931366,
    "passkey": 693.8829634189606,
    "number_string": 696.5986378192902
}