{
    "kv_retrieval": 541.9157378673553,
    "longdialogue_qa_eng": 292.2409727573395,
    "math_find": 300.69346141815186,
    "code_debug": 338.13690423965454,
    "passkey": 352.63200855255127,
    "number_string": 359.0984537601471
}