{
    "kv_retrieval": 856.5939016342163,
    "longdialogue_qa_eng": 442.3045608997345,
    "math_find": 494.61770033836365,
    "code_debug": 548.9000942707062,
    "passkey": 553.439918756485,
    "number_string": 560.9605941772461
}