{
    "kv_retrieval": 1691.4897994995117,
    "longdialogue_qa_eng": 875.789021730423,
    "math_find": 978.5962030887604,
    "code_debug": 1043.149365901947,
    "passkey": 1088.569610118866,
    "number_string": 1108.7769181728363
}