{
    "kv_retrieval": 1147.6700496673584,
    "longdialogue_qa_eng": 540.3838748931885,
    "math_find": 607.6212525367737,
    "code_debug": 660.6807522773743,
    "passkey": 681.6537928581238,
    "number_string": 704.9660577774048
}