{
    "kv_retrieval": 2011.1002373695374,
    "longdialogue_qa_eng": 995.6867895126343,
    "math_find": 1129.2178122997284,
    "code_debug": 1163.5639464855194,
    "passkey": 1271.4926581382751,
    "number_string": 1298.797462940216
}