{
    "kv_retrieval": 112.8385694026947,
    "longdialogue_qa_eng": 61.333674907684326,
    "math_find": 65.24085187911987,
    "code_debug": 75.8564658164978,
    "passkey": 75.43694019317627,
    "number_string": 77.16919445991516
}