{
    "kv_retrieval": 1628.1805419921875,
    "longdialogue_qa_eng": 796.2659089565277,
    "math_find": 1032.2223057746887,
    "code_debug": 946.1491806507111,
    "passkey": 1052.6016943454742,
    "number_string": 1076.7436084747314
}