{
    "kv_retrieval": 328.3592441082001,
    "longdialogue_qa_eng": 164.77909326553345,
    "math_find": 211.06509733200073,
    "code_debug": 220.57557010650635,
    "passkey": 217.29879069328308,
    "number_string": 222.93626713752747
}