{
    "kv_retrieval": 806.8168201446533,
    "longdialogue_qa_eng": 400.76294207572937,
    "math_find": 518.7361178398132,
    "code_debug": 501.2164041996002,
    "passkey": 534.4877479076385,
    "number_string": 550.6818804740906
}