{
    "kv_retrieval": 1023.4151792526245,
    "longdialogue_qa_eng": 495.3218283653259,
    "math_find": 569.5719368457794,
    "code_debug": 604.9435315132141,
    "passkey": 663.8314838409424,
    "number_string": 681.0736825466156
}