{
    "kv_retrieval": 2033.0749261379242,
    "longdialogue_qa_eng": 999.9373548030853,
    "math_find": 1135.1831195354462,
    "code_debug": 1134.0236477851868,
    "passkey": 1321.5374987125397,
    "number_string": 1361.5478501319885
}