{
    "kv_retrieval": 914.0392825603485,
    "longdialogue_qa_eng": 447.0806963443756,
    "math_find": 501.4570028781891,
    "code_debug": 552.672774553299,
    "passkey": 552.7305009365082,
    "number_string": 568.5149450302124
}