{
    "kv_retrieval": 343.45549392700195,
    "longdialogue_qa_eng": 180.34910035133362,
    "math_find": 197.70536279678345,
    "code_debug": 238.84721207618713,
    "passkey": 220.63917541503906,
    "number_string": 225.43138122558594
}