{
    "kv_retrieval": 95.69532585144043,
    "longdialogue_qa_eng": 52.932141065597534,
    "math_find": 56.64468789100647,
    "code_debug": 66.5364408493042,
    "passkey": 64.3388786315918,
    "number_string": 65.6589720249176
}