{
    "kv_retrieval": 1699.5849032402039,
    "longdialogue_qa_eng": 877.3399348258972,
    "math_find": 985.7123124599457,
    "code_debug": 1041.6736419200897,
    "passkey": 1093.5473744869232,
    "number_string": 1116.8559710979462
}