{
    "kv_retrieval": 1470.020143032074,
    "longdialogue_qa_eng": 763.6237237453461,
    "math_find": 820.2997717857361,
    "code_debug": 889.2555096149445,
    "passkey": 933.1003108024597,
    "number_string": 942.8445219993591
}