{
    "kv_retrieval": 744.5906264781952,
    "longdialogue_qa_eng": 382.08262634277344,
    "math_find": 413.93507719039917,
    "code_debug": 464.0996446609497,
    "passkey": 468.29402780532837,
    "number_string": 470.31703996658325
}