{
    "kv_retrieval": 86.3403844833374,
    "longdialogue_qa_eng": 47.33968758583069,
    "math_find": 49.649654388427734,
    "code_debug": 58.646010398864746,
    "passkey": 58.2628972530365,
    "number_string": 57.94830131530762
}