{
    "kv_retrieval": 1096.1728403568268,
    "longdialogue_qa_eng": 597.5274591445923,
    "math_find": 625.9216785430908,
    "code_debug": 701.7403600215912,
    "passkey": 723.1323466300964,
    "number_string": 712.7378163337708
}