{
    "kv_retrieval": 1278.4471988677979,
    "longdialogue_qa_eng": 646.8789994716644,
    "math_find": 712.954163312912,
    "code_debug": 750.2319345474243,
    "passkey": 792.9499409198761,
    "number_string": 814.4008603096008
}