{
    "kv_retrieval": 1108.2810878753662,
    "longdialogue_qa_eng": 551.190526008606,
    "math_find": 600.4414918422699,
    "code_debug": 635.2204864025116,
    "passkey": 673.6000499725342,
    "number_string": 695.4749817848206
}