{
    "kv_retrieval": 2490.3218948841095,
    "longdialogue_qa_eng": 1289.162594795227,
    "math_find": 1443.295250415802,
    "code_debug": 1544.3149423599243,
    "passkey": 1608.1509346961975,
    "number_string": 1627.0972621440887
}