{
    "kv_retrieval": 1265.1816575527191,
    "longdialogue_qa_eng": 643.1295764446259,
    "math_find": 730.0455391407013,
    "code_debug": 809.1677377223969,
    "passkey": 803.3575124740601,
    "number_string": 812.0207350254059
}