{
    "kv_retrieval": 575.6502058506012,
    "longdialogue_qa_eng": 313.1243042945862,
    "math_find": 311.77443981170654,
    "code_debug": 382.3582649230957,
    "passkey": 395.9869339466095,
    "number_string": 395.2093050479889
}