{
    "kv_retrieval": 1145.3473982810974,
    "longdialogue_qa_eng": 626.3871541023254,
    "math_find": 604.682825088501,
    "code_debug": 728.3894793987274,
    "passkey": 774.0256805419922,
    "number_string": 781.5772984027863
}