{
    "kv_retrieval": 1211.4557929039001,
    "longdialogue_qa_eng": 584.6058347225189,
    "math_find": 660.7955029010773,
    "code_debug": 717.6171188354492,
    "passkey": 736.1511137485504,
    "number_string": 755.7122337818146
}