{
  "model": "Qwen/Qwen2-7B-Instruct",
  "target_coverage": 0.9,
  "samples_per_dataset": 2,
  "sample_true_k": null,
  "chunk_size": 1024,
  "dataset_stats": {
    "passkey": {
      "num_samples": 2,
      "total_queries": 199900,
      "min_k": 15,
      "max_k": 69571,
      "max_k_limited": false,
      "mean_k": 29413.59335667834,
      "std_k": 17526.071165267156,
      "k_ratio": 4638.066666666667,
      "k_ratio_note": "TRUE ratio"
    },
    "kv_retrieval": {
      "num_samples": 2,
      "total_queries": 199900,
      "min_k": 7,
      "max_k": 67081,
      "max_k_limited": false,
      "mean_k": 26700.331420710354,
      "std_k": 16389.111553958446,
      "k_ratio": 9583.0,
      "k_ratio_note": "TRUE ratio"
    },
    "longbook_qa_eng": {
      "num_samples": 2,
      "total_queries": 175900,
      "min_k": 24,
      "max_k": 51421,
      "max_k_limited": false,
      "mean_k": 18512.0152472996,
      "std_k": 11534.37499498426,
      "k_ratio": 2142.5416666666665,
      "k_ratio_note": "TRUE ratio"
    },
    "math_find": {
      "num_samples": 2,
      "total_queries": 199900,
      "min_k": 23,
      "max_k": 65791,
      "max_k_limited": false,
      "mean_k": 28982.76500250125,
      "std_k": 16496.997998272334,
      "k_ratio": 2860.478260869565,
      "k_ratio_note": "TRUE ratio"
    }
  }
}