{
  "model": "Qwen/Qwen2-7B-Instruct",
  "target_coverage": 0.9,
  "samples_per_dataset": 1,
  "dataset_stats": {
    "passkey": {
      "num_samples": 1,
      "total_queries": 125267,
      "min_k": 1,
      "max_k": 1240,
      "mean_k": 351.3301428149473,
      "std_k": 226.86673337772984,
      "k_ratio": 1240.0
    },
    "kv_retrieval": {
      "num_samples": 1,
      "total_queries": 169038,
      "min_k": 1,
      "max_k": 1356,
      "mean_k": 319.0974396289592,
      "std_k": 190.2210965468347,
      "k_ratio": 1356.0
    },
    "longbook_qa_eng": {
      "num_samples": 1,
      "total_queries": 87950,
      "min_k": 1,
      "max_k": 1139,
      "mean_k": 197.67073337123367,
      "std_k": 139.55067934808355,
      "k_ratio": 1139.0
    },
    "math_find": {
      "num_samples": 1,
      "total_queries": 116641,
      "min_k": 1,
      "max_k": 1771,
      "mean_k": 571.0252741317375,
      "std_k": 340.7475403232293,
      "k_ratio": 1771.0
    }
  }
}