{
    "kv_retrieval": 1667.0232646465302,
    "longdialogue_qa_eng": 817.8508162498474,
    "math_find": 1074.1646418571472,
    "code_debug": 992.5091927051544,
    "passkey": 1104.1450924873352,
    "number_string": 1135.9928028583527
}