{
    "kv_retrieval": 847.7545735836029,
    "longdialogue_qa_eng": 426.13095903396606,
    "math_find": 551.9600729942322,
    "code_debug": 535.7687356472015,
    "passkey": 551.6990218162537,
    "number_string": 564.9952046871185
}