{
    "kv_retrieval": 1330.8051640987396,
    "longdialogue_qa_eng": 646.3672819137573,
    "math_find": 711.4377768039703,
    "code_debug": 752.857316493988,
    "passkey": 793.6384737491608,
    "number_string": 815.2788910865784
}