{
    "kv_retrieval": 1840.5392265319824,
    "longdialogue_qa_eng": 916.6826572418213,
    "math_find": 1046.3915123939514,
    "code_debug": 1080.8059391975403,
    "passkey": 1113.2520270347595,
    "number_string": 1139.072135925293
}