{
    "kv_retrieval": 932.1799788475037,
    "longdialogue_qa_eng": 461.1057357788086,
    "math_find": 514.812668800354,
    "code_debug": 568.6498024463654,
    "passkey": 579.6280801296234,
    "number_string": 593.9538805484772
}