{
    "kv_retrieval": 961.4445719718933,
    "longdialogue_qa_eng": 486.0711076259613,
    "math_find": 534.2995221614838,
    "code_debug": 595.0801932811737,
    "passkey": 599.1881778240204,
    "number_string": 622.3261249065399
}