{
    "kv_retrieval": 1904.525973558426,
    "longdialogue_qa_eng": 987.2568209171295,
    "math_find": 1069.4649121761322,
    "code_debug": 1132.932698249817,
    "passkey": 1200.3716988563538,
    "number_string": 1234.122145652771
}