{
    "kv_retrieval": 109.2482123374939,
    "longdialogue_qa_eng": 59.09649968147278,
    "math_find": 62.35425043106079,
    "code_debug": 72.97717690467834,
    "passkey": 71.42257690429688,
    "number_string": 72.84448766708374
}