{
    "kv_retrieval": 1649.1807219982147,
    "longdialogue_qa_eng": 835.553448677063,
    "math_find": 997.1469540596008,
    "code_debug": 985.3044016361237,
    "passkey": 1072.4950621128082,
    "number_string": 1087.3982079029083
}