{
    "kv_retrieval": 794.9118287563324,
    "longdialogue_qa_eng": 409.79280185699463,
    "math_find": 492.33332443237305,
    "code_debug": 510.44593262672424,
    "passkey": 526.3679900169373,
    "number_string": 539.6545271873474
}