{
    "kv_retrieval": 1187.3034300804138,
    "longdialogue_qa_eng": 556.9970057010651,
    "math_find": 604.170175075531,
    "code_debug": 640.7038593292236,
    "passkey": 682.0374710559845,
    "number_string": 705.0514545440674
}