{
    "kv_retrieval": 1330.4587235450745,
    "longdialogue_qa_eng": 678.9771409034729,
    "math_find": 746.0520298480988,
    "code_debug": 793.8599874973297,
    "passkey": 833.0192656517029,
    "number_string": 854.1446809768677
}