{
    "kv_retrieval": 995.3516192436218,
    "longdialogue_qa_eng": 498.050660610199,
    "math_find": 567.0224573612213,
    "code_debug": 599.1788382530212,
    "passkey": 628.539055109024,
    "number_string": 653.0612020492554
}