{
    "kv_retrieval": 111.63853740692139,
    "longdialogue_qa_eng": 59.17053270339966,
    "math_find": 64.99312567710876,
    "code_debug": 74.2935619354248,
    "passkey": 74.22754859924316,
    "number_string": 76.80778193473816
}