{
    "kv_retrieval": 1953.3391630649567,
    "longdialogue_qa_eng": 988.9518973827362,
    "math_find": 1109.5295898914337,
    "code_debug": 1132.006519317627,
    "passkey": 1250.9176738262177,
    "number_string": 1278.1034693717957
}