{
    "kv_retrieval": 168.33318305015564
}{
    "longdialogue_qa_eng": 91.53045201301575
}{
    "math_find": 97.28319764137268
}{
    "code_debug": 118.85675001144409
}{
    "passkey": 111.36930322647095
}{
    "number_string": 113.11102628707886
}