{
    "kv_retrieval": 97.37369966506958,
    "longdialogue_qa_eng": 54.97727108001709,
    "math_find": 57.69441199302673,
    "code_debug": 68.87586617469788,
    "passkey": 69.1743860244751,
    "number_string": 67.81778192520142
}