{
    "kv_retrieval": 1700.1998114585876,
    "longdialogue_qa_eng": 908.96337723732,
    "math_find": 1000.2758285999298,
    "code_debug": 1054.815679550171,
    "passkey": 1146.111887216568,
    "number_string": 1145.9520704746246
}