{
    "kv_retrieval": 889.0592203140259,
    "longdialogue_qa_eng": 459.7379138469696,
    "math_find": 506.83290791511536,
    "code_debug": 563.946120262146,
    "passkey": 571.7196164131165,
    "number_string": 587.5692987442017
}