{
    "kv_retrieval": 930.5638756752014,
    "longdialogue_qa_eng": 451.2882854938507,
    "math_find": 497.6350827217102,
    "code_debug": 545.2018938064575,
    "passkey": 566.8473134040833,
    "number_string": 567.0010869503021
}